﻿<?xml version="1.0" encoding="utf-8"?>
<?xml-stylesheet type="text/xsl" href="c:\program files (x86)\microsoft visual studio 14.0\team tools\static analysis tools\fxcop\Xml\CodeAnalysisReport.xsl"?>
<FxCopReport Version="14.0">
 <Targets>
  <Target Name="C:\Users\Evie\Documents\Visual Studio 2015\Projects\APHHC-TiTo\APHHC-TiTo\bin\Debug\APHHC-TiTo.exe">
   <Modules>
    <Module Name="aphhc-tito.exe">
     <Namespaces>
      <Namespace Name="APHHC_TiTo">
       <Types>
        <Type Name="APHHCDataSet" Kind="Class" Accessibility="Public" ExternallyVisible="True">
         <Messages>
          <Message TypeName="ImplementISerializableCorrectly" Category="Microsoft.Usage" CheckId="CA2240" Status="Active" Created="2017-08-04 23:16:39Z" FixCategory="NonBreaking">
           <Issue Certainty="60" Level="Error">Add an implementation of GetObjectData to type 'APHHCDataSet'.</Issue>
          </Message>
         </Messages>
        </Type>
        <Type Name="APHHCDataSet+tblEmployeesDataTable" Kind="Class" Accessibility="Public" ExternallyVisible="True">
         <Messages>
          <Message TypeName="ImplementISerializableCorrectly" Category="Microsoft.Usage" CheckId="CA2240" Status="Active" Created="2017-08-04 23:16:39Z" FixCategory="NonBreaking">
           <Issue Certainty="60" Level="Error">Add an implementation of GetObjectData to type 'APHHCDataSet.tblEmployeesDataTable'.</Issue>
          </Message>
         </Messages>
        </Type>
        <Type Name="Main" Kind="Class" Accessibility="Public" ExternallyVisible="True">
         <Members>
          <Member Name="#cmbEmployees_SelectedIndexChanged(System.Object,System.EventArgs)" Kind="Method" Static="False" Accessibility="Private" ExternallyVisible="False">
           <Messages>
            <Message TypeName="Review SQL queries for security vulnerabilities" Category="Microsoft.Security" CheckId="CA2100" Status="Active" Created="2017-08-04 23:16:39Z" FixCategory="DependsOnFix">
             <Issue Name="WithNonLiterals" Certainty="75" Level="Warning" Path="C:\Users\Evie\Documents\Visual Studio 2015\Projects\APHHC-TiTo\APHHC-TiTo" File="Main.cs" Line="81">The query string passed to 'SqlCommand.SqlCommand(string, SqlConnection)' in 'Main.cmbEmployees_SelectedIndexChanged(object, EventArgs)' could contain the following variables 'this.name'. If any of these variables could come from user input, consider using a stored procedure or a parameterized SQL query instead of building the query with string concatenations.</Issue>
            </Message>
           </Messages>
          </Member>
         </Members>
        </Type>
       </Types>
      </Namespace>
      <Namespace Name="APHHC_TiTo.Properties">
       <Types>
        <Type Name="Resources" Kind="Class" Accessibility="Assembly" ExternallyVisible="False">
         <Members>
          <Member Name="#.ctor()" Kind="Method" Static="False" Accessibility="Assembly" ExternallyVisible="False">
           <Messages>
            <Message TypeName="AvoidUncalledPrivateCode" Category="Microsoft.Performance" CheckId="CA1811" Status="ExcludedInSource" Created="2017-08-04 23:16:39Z" FixCategory="NonBreaking" LastSeen="0001-01-01 00:00:00Z" />
           </Messages>
          </Member>
         </Members>
        </Type>
       </Types>
      </Namespace>
     </Namespaces>
    </Module>
   </Modules>
  </Target>
 </Targets>
 <Rules>
  <Rule TypeName="AvoidUncalledPrivateCode" Category="Microsoft.Performance" CheckId="CA1811">
   <Name>Avoid uncalled private code</Name>
   <Description>There is uncalled code that is not externally visible and is not a known runtime entry point. If this violation fires in error, please send a problem report to the Visual Studio Code Analysis team.</Description>
   <Owner />
   <Url>http://msdn.microsoft.com/library/ms182264.aspx</Url>
   <Email>[none]</Email>
   <MessageLevel Certainty="75">Warning</MessageLevel>
   <File Name="performancerules.dll" Version="14.0.0.0" />
  </Rule>
  <Rule TypeName="ImplementISerializableCorrectly" Category="Microsoft.Usage" CheckId="CA2240">
   <Name>Implement ISerializable correctly</Name>
   <Description>If a type is assignable to ISerializable, it should implement GetObjectData. For unsealed types, the GetObjectData method should be callable and overridable by derived types.</Description>
   <Resolution Name="Default">Add an implementation of GetObjectData to type {0}.</Resolution>
   <Owner />
   <Url>http://msdn.microsoft.com/library/ms182342.aspx</Url>
   <Email>[none]</Email>
   <MessageLevel Certainty="60">Error</MessageLevel>
   <File Name="usagerules.dll" Version="14.0.0.0" />
  </Rule>
  <Rule TypeName="Review SQL queries for security vulnerabilities" Category="Microsoft.Security" CheckId="CA2100">
   <Name>Review SQL queries for security vulnerabilities</Name>
   <Description>A SQL command string built from user input is vulnerable to SQL injection attacks. Microsoft SQL Server and other database servers support stored procedures and parameterized SQL queries, which reduce the risk of injection attacks.</Description>
   <Resolution Name="WithNonLiterals">The query string passed to {0} in {1} could contain the following variables {2}. If any of these variables could come from user input, consider using a stored procedure or a parameterized SQL query instead of building the query with string concatenations.</Resolution>
   <Owner>RuleOwner</Owner>
   <Url>http://msdn.microsoft.com/library/ms182310.aspx</Url>
   <Email />
   <MessageLevel Certainty="75">Warning</MessageLevel>
   <File Name="dataflowrules.dll" Version="14.0.0.0" />
  </Rule>
 </Rules>
 <Localized>
  <String Key="Category">Category</String>
  <String Key="Certainty">Certainty</String>
  <String Key="CollapseAll">Collapse All</String>
  <String Key="CheckId">Check Id</String>
  <String Key="Error">Error</String>
  <String Key="Errors">error(s)</String>
  <String Key="ExpandAll">Expand All</String>
  <String Key="Help">Help</String>
  <String Key="Line">Line</String>
  <String Key="Messages">message(s)</String>
  <String Key="LocationNotStoredInPdb">[Location not stored in Pdb]</String>
  <String Key="Project">Project</String>
  <String Key="Resolution">Resolution</String>
  <String Key="Rule">Rule</String>
  <String Key="RuleFile">Rule File</String>
  <String Key="RuleDescription">Rule Description</String>
  <String Key="Source">Source</String>
  <String Key="Status">Status</String>
  <String Key="Target">Target</String>
  <String Key="Warning">Warning</String>
  <String Key="Warnings">warning(s)</String>
  <String Key="ReportTitle">Code Analysis Report</String>
 </Localized>
</FxCopReport>
